asset,signal_rule,filters,side,train_trades,train_accuracy,train_avg_directional_edge,train_avg_original_net_return,validation_trades,validation_accuracy,validation_avg_directional_edge,validation_avg_original_net_return,test_trades,test_accuracy,test_avg_directional_edge,test_avg_original_net_return
zec_5m,long_p60,high_atr+high_vol24,1,43,0.4418604651162791,-5.4991772640432614e-05,-0.001454991772640423,15,0.4666666666666667,0.0023752588000881757,0.0009752588000881737,11,0.9090909090909091,0.022638431455638656,0.021238431455638612
sol_5m,long_p80,trend72_down+trend288_down,1,51,0.39215686274509803,-0.0008873295524688908,-0.0022873295524688786,12,0.5833333333333334,0.0015143338508093924,0.00011433385080939157,11,0.8181818181818182,0.0036528580401033813,0.002252858040103355
btc_5m,long_p80,low_volume+weekday,1,34,0.5,-0.0009845155560885897,-0.002384515556088583,11,0.5454545454545454,0.0034399298310940703,0.0020399298310940727,10,0.8,0.00437061193701388,0.002970611937013849
