asset,signal_rule,filters,side,train_trades,train_accuracy,train_avg_directional_edge,train_avg_original_net_return,validation_trades,validation_accuracy,validation_avg_directional_edge,validation_avg_original_net_return,test_trades,test_accuracy,test_avg_directional_edge,test_avg_original_net_return
zec_5m,long_p80,trend288_up+weekday,1,36,0.3888888888888889,-0.0034335210964296804,-0.004833521096429665,23,0.30434782608695654,-0.0004112612389046313,-0.0018112612389046081,23,0.782608695652174,0.009362197288162503,0.007962197288162488
btc_5m,short_p40,rsi_hot+trend72_up,-1,77,0.42857142857142855,-0.0007557896316967182,-0.0021557896316967053,27,0.5555555555555556,0.0019399961212673556,0.0005399961212673556,36,0.6944444444444444,0.0013246251545944011,-7.537484540560029e-05
sol_5m,short_p40,mom24_up+mom72_up,-1,103,0.47572815533980584,-0.0009437961518869059,-0.0023437961518868967,30,0.5,0.00017719444681742283,-0.0012228055531825798,37,0.6486486486486487,0.000666044005763317,-0.0007339559942367002
